[
  {
    "id": "8016e637b54241f8ad242ed1699bf2da",
    "name": "Βρεφικά Είδη",
    "subcategories": [
      {
        "id": "991276688c8c4a91b5524b1115122ec1",
        "name": "Απορρυπαντικά"
      },
      {
        "id": "e0efaa1776714351a4c17a3a9d412602",
        "name": "Πάνες"
      },
      {
        "id": "fc71b59318b5410d8ed9da8b42904d77",
        "name": "Γάλα"
      },
      {
        "id": "ddb733df68324cfc8469c890b32e716d",
        "name": "Περιποιήση σώματος"
      },
      {
        "id": "3d0c29b055f8417eb1c679fbfdc37da0",
        "name": "Σαμπουάν - Αφρόλουτρα"
      },
      {
        "id": "724700777199431e9d42861b2ed63cd5",
        "name": "Γιαούρτια"
      },
      {
        "id": "92680b33561c4a7e94b7e7a96b5bb153",
        "name": "Μωρομάντηλα"
      },
      {
        "id": "7e86994327f64e3ca967c09b5803966a",
        "name": "Βρεφικές τροφές"
      }
    ]
  },
  {
    "id": "d41744460283406a86f8e4bd5010a66d",
    "name": "Καθαριότητα",
    "subcategories": [
      {
        "id": "3be81b50494d4b5495d5fea3081759a6",
        "name": "Είδη γενικού καθαρισμού"
      },
      {
        "id": "034941f08ca34f7baaf5932427d7e635",
        "name": "Χαρτικά"
      },
      {
        "id": "21051788a9ff4d5d9869d526182b9a5f",
        "name": "Αποσμητικά Χώρου"
      },
      {
        "id": "8f98818a7a55419fb42ef1d673f0bb64",
        "name": "Εντομoκτόνα - Εντομοαπωθητικά"
      },
      {
        "id": "e60aca31a37a40db8a83ccf93bd116b1",
        "name": "Απορρυπαντικά"
      },
      {
        "id": "b5d54a3d8dd045fb88d5c31ea794dcc5",
        "name": "Είδη κουζίνας - Μπάνιου"
      }
    ]
  },
  {
    "id": "a8ac6be68b53443bbd93b229e2f9cd34",
    "name": "Ποτά - Αναψυκτικά",
    "subcategories": [
      {
        "id": "329bdd842f9f41688a0aa017b74ffde4",
        "name": "Μπύρες"
      },
      {
        "id": "bc4d21162fbd4663b0e60aa9bd65115e",
        "name": "Εμφιαλωμένα νερά"
      },
      {
        "id": "3d01f4ce48ad422b90b50c62b1f8e7f2",
        "name": "Κρασιά"
      },
      {
        "id": "08f280dee57c4b679be0102a8ba1343b",
        "name": "Ποτά"
      },
      {
        "id": "4f1993ca5bd244329abf1d59746315b8",
        "name": "Χυμοί"
      },
      {
        "id": "3010aca5cbdc401e8dfe1d39320a8d1a",
        "name": "Αναψυκτικά - Ενεργειακά Ποτά"
      }
    ]
  },
  {
    "id": "8e8117f7d9d64cf1a931a351eb15bd69",
    "name": "Προσωπική φροντίδα",
    "subcategories": [
      {
        "id": "35410eeb676b4262b651997da9f42777",
        "name": "Αποσμητικά"
      },
      {
        "id": "af538008f3ab40989d67f971e407a85c",
        "name": "Βαμβάκια"
      },
      {
        "id": "09f2e090f72c4487bc44e5ba4fcea466",
        "name": "Βαφές μαλλιών"
      },
      {
        "id": "cf079c66251342b690040650104e160f",
        "name": "Κρέμες μαλλιών"
      },
      {
        "id": "a610ce2a98a94ee788ee5f94b4be82c2",
        "name": "Λοιπά προϊόντα"
      },
      {
        "id": "f4d8a256e3944c05a3e7b8904b863882",
        "name": "Υγρομάντηλα"
      },
      {
        "id": "2df01835007545a880dc43f69b5cae07",
        "name": "Ξυριστικά - Αποτριχωτικά"
      },
      {
        "id": "6db091264f494c86b9cf22a562593c82",
        "name": "Οδοντόβουρτσες"
      },
      {
        "id": "0bf072374a8e4c40b915e4972990a417",
        "name": "Πάνες ενηλίκων"
      },
      {
        "id": "5a2a0575959c40d6a46614ab99b2d9af",
        "name": "Περιποίηση προσώπου"
      },
      {
        "id": "5935ab588fa444f0a71cc424ad651d12",
        "name": "Προϊόντα μαλλιών"
      },
      {
        "id": "46b02b6b4f4c4d5d8a0efe21d0981027",
        "name": "Σαμπουάν - Αφρόλουτρα"
      },
      {
        "id": "de77af9321844b1f863803f338f4a0c2",
        "name": "Κρέμα ημέρας"
      },
      {
        "id": "c44b50bef9674aaeb06b578122bf4445",
        "name": "Κρέμα Σώματος"
      },
      {
        "id": "e2f81e96f70e45fb9552452e381529d3",
        "name": "Αντρική περιποίηση"
      },
      {
        "id": "1b59d5b58fb04816b8f6a74a4866580a",
        "name": "Επίδεσμοι"
      },
      {
        "id": "fefa136c714945a3b6bcdcb4ee9e8921",
        "name": "Κρέμες ενυδάτωσης"
      },
      {
        "id": "9c86a88f56064f8588d42eee167d1f8a",
        "name": "Κρεμοσάπουνα - Σαπούνι"
      },
      {
        "id": "7cfab59a5d9c4f0d855712290fc20c7f",
        "name": "Προφυλακτικά"
      },
      {
        "id": "2bce84e7df694ab1b81486aa2baf555d",
        "name": "Σερβιέτες"
      },
      {
        "id": "181add033f2d4d95b46844abf619dd30",
        "name": "Στοματικά διαλύματα"
      },
      {
        "id": "26e416b6efa745218f810c34678734b2",
        "name": "Στοματική υγιεινή"
      }
    ]
  },
  {
    "id": "ee0022e7b1b34eb2b834ea334cda52e7",
    "name": "Τρόφιμα",
    "subcategories": [
      {
        "id": "c761cd8b18a246eb81fb21858ac10093",
        "name": "Αλεύρι - Σιμιγδάλι"
      },
      {
        "id": "be04eae3ca484928a86984d73bf3cc3a",
        "name": "Αλλαντικά"
      },
      {
        "id": "6d2babbc7355444ca0d27633207e4743",
        "name": "Αυγά"
      },
      {
        "id": "a240e48245964b02ba73d1a86a2739be",
        "name": "Βούτυρο - Μαργαρίνη"
      },
      {
        "id": "0364b4be226146699140e81a469d04a1",
        "name": "Γιαούρτια"
      },
      {
        "id": "a1a1c2c477b74504b58ad847f7e0c8e1",
        "name": "Είδη Ζαχαροπλαστικής"
      },
      {
        "id": "dca17e0bfb4e469c93c011f8dc8ab512",
        "name": "Γλυκά/Σοκολάτες"
      },
      {
        "id": "509b949f61cc44f58c2f25093f7fc3eb",
        "name": "Επιδόρπια"
      },
      {
        "id": "1eef696c0f874603a59aed909e1b4ce2",
        "name": "Έτοιμα γεύματα/Σούπες"
      },
      {
        "id": "0c347b96540a427e9823f321861ce58e",
        "name": "Ζυμαρικά"
      },
      {
        "id": "e63b2caa8dd84e6ea687168200859baa",
        "name": "Γλυκά/Κέικ"
      },
      {
        "id": "3f38edda7854447a837956d64a2530fa",
        "name": "Κατεψυγμένα/Πίτσες"
      },
      {
        "id": "d1315c04b3d64aed93472e41d6e5a6f8",
        "name": "Κατεψυγμένα/Φύλλα - Βάσεις"
      },
      {
        "id": "b89cb8dd198748dd8c4e195e4ab2168e",
        "name": "Καφέδες"
      },
      {
        "id": "df10062ca2a04789bd43d18217008b5f",
        "name": "Κονσέρβες"
      },
      {
        "id": "463e30b829274933ab7eb8e4b349e2c5",
        "name": "Τυποποιημένα κρεατικά"
      },
      {
        "id": "4e4cf5616e0f43aaa985c1300dc7109e",
        "name": "Κρέμες γάλακτος"
      },
      {
        "id": "1e9187fb112749ff888b11fd64d79680",
        "name": "Λάδι"
      },
      {
        "id": "50e8a35122854b2b9cf0e97356072f94",
        "name": "Όσπρια"
      },
      {
        "id": "bc66b1d812374aa48d6878730497ede7",
        "name": "Παγωτά"
      },
      {
        "id": "7cfe21f0f1944b379f0fead1c8702099",
        "name": "Καραμέλες - Τσίχλες"
      },
      {
        "id": "5dca69b976c94eccbf1341ee4ee68b95",
        "name": "Ξύδι"
      },
      {
        "id": "3935d6afbf50454595f1f2b99285ce8c",
        "name": "Κύβοι"
      },
      {
        "id": "5aba290bf919489da5810c6122f0bc9b",
        "name": "Πελτές τομάτας"
      },
      {
        "id": "f6007309d91c4410adf000ffd5e8129e",
        "name": "Πουρές"
      },
      {
        "id": "2d711ee19d17429fa7f964d56fe611db",
        "name": "Ροφήματα"
      },
      {
        "id": "5d0be05c3b414311bcda335b036202f1",
        "name": "Ρύζι"
      },
      {
        "id": "ea47b5f0016f4f0eb79e3a4b932f7577",
        "name": "Σνάκς/Αρτοσκευάσματα"
      },
      {
        "id": "f87bed0b4b8e44c3b532f2c03197aff9",
        "name": "Σνάκς/Γαριδάκια"
      },
      {
        "id": "19c54e78d74d4b64afbb1fd124f01dfc",
        "name": "Σνάκς/Κρουασάν"
      },
      {
        "id": "ec9d10b5d68c4d8b8998d51bf6d67188",
        "name": "Σνάκς/Πατατάκια"
      },
      {
        "id": "8851b315e2f0486180be07facbc3b21f",
        "name": "Σνάκς/Ποπ κορν"
      },
      {
        "id": "4c73d0eccd1e4dde8bb882e436a64ebb",
        "name": "Τυριά"
      },
      {
        "id": "0e1982336d8e4bdc867f1620a2bce3be",
        "name": "Φούρνος/Τσουρέκια"
      },
      {
        "id": "c928573dd7bc4b7894d450eadd7f5d18",
        "name": "Φούρνος/Ψωμί"
      },
      {
        "id": "a02951b1c083449b9e7fab2fabd67198",
        "name": "Χυμός τομάτας"
      },
      {
        "id": "2ad2e93c1c0c41b4b9769fe06c149393",
        "name": "Μπαχαρικά"
      },
      {
        "id": "df433029824c4b4194b6637db26f69eb",
        "name": "Σνάκς/Μπάρες - Ράβδοι"
      },
      {
        "id": "b1866f1365a54e2d84c28ad2ca7ab5af",
        "name": "Ειδική διατροφή"
      },
      {
        "id": "b3992eb422c2495ca02dd19de9d16ad1",
        "name": "Γάλα"
      },
      {
        "id": "e397ddcfb34a4640a42b8fa5e999b8c8",
        "name": "Γλυκά αλλείματα"
      },
      {
        "id": "916a76ac76b3462baf2db6dc508b296b",
        "name": "Δημητριακά"
      },
      {
        "id": "4f205aaec31746b89f40f4d5d845b13e",
        "name": "Έτοιμα γεύματα/Σαλάτες"
      },
      {
        "id": "5c5e625b739b4f19a117198efae8df21",
        "name": "Κατεψυγμένα/Πατάτες"
      },
      {
        "id": "7ca5dc60dd00483897249e0f8516ee91",
        "name": "Κατεψυγμένα/Ψάρια"
      },
      {
        "id": "6d084e8eab4945cdb4563d7ff49f0dc3",
        "name": "Κατεψυγμένα/Λαχανικά"
      },
      {
        "id": "1eb56e6ffa2a449296fb1acc7b714cc5",
        "name": "Κατεψυγμένα/Πίτες"
      },
      {
        "id": "ce4802b6c9f44776a6e572b3daf93ab1",
        "name": "Σάλτσες - Dressings"
      },
      {
        "id": "35cce434592f489a9ed37596951992b3",
        "name": "Σνάκς/Μπισκότα"
      },
      {
        "id": "a885d8cd1057442c9092af37e79bf7a7",
        "name": "Ζάχαρη - Υποκατάστατα ζάχαρης"
      },
      {
        "id": "bcebd8cc2f554017864dbf1ce0069ac5",
        "name": "Φούρνος/Παξιμάδια"
      },
      {
        "id": "a483dd538ecd4ce0bdbba36e99ab5eb1",
        "name": "Φούρνος/Φρυγανίες"
      },
      {
        "id": "9b7795175cbc4a6d9ca37b8ee9bf5815",
        "name": "Κατεψυγμένα/Κρεατικά"
      },
      {
        "id": "c487e038079e407fb1a356599c2aec3e",
        "name": "Φρέσκα/Αφρόψαρο"
      },
      {
        "id": "3d22916b908b40b385bebe4b478cf107",
        "name": "Φρέσκα/Ψάρι"
      },
      {
        "id": "8ef82da99b284c69884cc7f3479df1ac",
        "name": "Φρέσκα/Κοτόπουλο"
      },
      {
        "id": "0936072fcb3947f3baf83e31bb5c1cab",
        "name": "Φρέσκα/Αρνί"
      },
      {
        "id": "d3385ff161f0423aa364017d4413fa77",
        "name": "Φρέσκα/Κατσίκι"
      },
      {
        "id": "a73f11a7f08b41c081ef287009387579",
        "name": "Φρέσκα/Χοιρινό"
      },
      {
        "id": "c2ce05f4653c4f4fa8f39892bbb98960",
        "name": "Φρέσκα/Μοσχάρι"
      },
      {
        "id": "9bc82778d6b44152b303698e8f72c429",
        "name": "Φρέσκα/Λαχανικά"
      },
      {
        "id": "ea47cc6b2f6743169188da125e1f3761",
        "name": "Φρέσκα/Φρούτα"
      }
    ]
  },
  {
    "id": "e4b4de2e31fc43b7b68a0fe4fbfad2e6",
    "name": "Αντισηπτικά",
    "subcategories": [
      {
        "id": "8f1b83b1ab3e4ad1a62df8170d1a0a25",
        "name": "Αντισηπτικά"
      }
    ]
  },
  {
    "id": "2d5f74de114747fd824ca8a6a9d687fa",
    "name": "Προστασία Υγείας",
    "subcategories": [
      {
        "id": "79728a412a1749ac8315501eb77550f9",
        "name": "Μάσκες Προσώπου"
      }
    ]
  },
  {
    "id": "662418cbd02e435280148dbb8892782a",
    "name": "Για κατοικίδια",
    "subcategories": [
      {
        "id": "926262c303fe402a8542a5d5cf3ac7eb",
        "name": "Pet shop/Τροφή γάτας"
      },
      {
        "id": "0c6e42d52765495dbbd06c189a4fc80f",
        "name": "Pet shop/Τροφή σκύλου"
      }
    ]
  }
]